{"cameraMode":{"drawMode":0,"name":"Shaded","section":"Shading Mode"},"sceneLighting":true,"audioPlay":false,"sceneViewState":{"m_AlwaysRefresh":false,"showFog":true,"showSkybox":true,"showFlares":true,"showImageEffects":true,"showParticleSystems":true,"showVisualEffectGraphs":true,"m_FxEnabled":true},"in2DMode":false,"pivot":{"x":4.260104179382324,"y":1.1296401023864747,"z":-2.213747024536133},"rotation":{"x":0.0060485112480819229,"y":-0.9488462209701538,"z":-0.018211379647254945,"w":-0.3151822090148926},"size":2.848698616027832,"orthographic":false}