{"cameraMode":{"drawMode":0,"name":"Shaded","section":"Shading Mode"},"sceneLighting":true,"audioPlay":false,"sceneViewState":{"m_AlwaysRefresh":false,"showFog":true,"showSkybox":true,"showFlares":true,"showImageEffects":true,"showParticleSystems":true,"showVisualEffectGraphs":true,"m_FxEnabled":true},"in2DMode":false,"pivot":{"x":-2.890644073486328,"y":1.5257245302200318,"z":0.007495284080505371},"rotation":{"x":-0.02997538261115551,"y":0.43554913997650149,"z":-0.014513782225549221,"w":-0.8995644450187683},"size":0.7863975763320923,"orthographic":false}